ID,Name,Age,Comments
300,Randa,44,Weinreb
301,Ida,49,Calhoun
302,Merry,13,Thad
303,Alyda,5,Gherardo
304,Miquela,12,Ciapas
305,Bettine,8,Kirstin
306,Atlanta,11,Tomasina
307,Myrtice,36,Merna
308,Layla,11,Papageno
309,Flory,13,Gabrielli
310,Meghann,49,Vharat
311,Luci,36,Vivle
312,Sindee,21,Behre
313,Mady,21,Eiser
314,Audrie,20,Hourigan
315,Ezmeralda,11,Peti
316,Brandise,28,Irmine
317,Averyl,49,Gaulin
318,Andeee,16,Moina
319,Amelia,31,Vale
320,Fanny,20,Ambrosia
321,Helsa,15,Quinn
322,Cristine,13,Barrus
323,Marylou,36,Durante
324,Hayley,29,Maroney
325,Lita,27,Ambrosia
326,Carlie,4,Moina
327,Nanete,16,Emanuel
328,Violet,36,Pacorro
329,Isa,10,My
330,Wynne,7,Marden
331,Clementine,11,Sundin
332,Kaja,30,Friede
333,Dominga,9,Payson
334,Teriann,33,Aprile
335,Margette,14,Raychel
336,Moyna,7,Jaylene
337,Vevay,43,Aurelio
338,Atlanta,43,Lia
339,Catharine,1,Lucienne
340,Ursulina,15,Ietta
341,Violet,3,Hanshaw
342,Katharina,30,Hollingsworth
343,Aurore,5,Ventre
344,Mallory,19,Tybald
345,Tobe,15,Hutchison
346,Leontine,49,Emmaline
347,Marguerite,38,Boehike
348,Jeanna,37,Genna
349,Peri,18,Lacombe
350,Nickie,15,Kermit
351,Evita,33,Forrer
352,Ernesta,6,Ophelia
353,Tina,35,Ventre
354,Patricia,31,Riordan
355,Aubrie,32,Bandeen
356,Josephine,35,Belanger
357,Alie,32,Faso
358,Myriam,49,Eliathas
359,Brana,43,Blase
360,Lisette,17,Voletta
361,Tami,50,Colyer
362,Calla,39,Angelis
363,Joceline,21,Decato
364,Georgina,5,Shama
365,Dione,8,Kress
366,Sara-Ann,3,Letsou
367,Clementine,36,Lubin
368,Cherilyn,35,Loleta
369,Lynde,7,Sharl
370,Hermione,41,Yusuk
371,Mireielle,44,Etom
372,Steffane,23,Hermes
373,Tera,43,Catie
374,Jaime,22,Niles
375,Di,28,Teryn
376,Jerry,38,Millda
377,Yvonne,2,Tatianas
378,Miquela,37,Charmine
379,Eolanda,23,Odell
380,Eve,45,Myrilla
381,Annaliese,18,Eliathas
382,Bill,33,Karl
383,Drucie,38,Zenas
384,Arlina,20,Corabella
385,Johna,46,Casimir
386,Trudie,28,Breed
387,Vere,16,Chobot
388,Asia,42,Gaynor
389,Fernande,33,Han
390,Alex,33,Santoro
391,Lacie,31,Valerio
392,Jacenta,47,Ellerey
393,Felice,15,Jotham
394,Brandise,47,Gemini
395,Maye,46,Stover
396,Susan,49,Percy
397,Wendi,17,Pozzy
398,Sue,18,Telfer
399,Dione,15,Sprage
400,Charmaine,2,Linskey
401,Emmey,10,Martguerita
402,Suzette,26,Kelula
403,Yetty,21,Oscar
404,Norine,50,Albertine
405,Ariela,24,Wolfgram
406,Ronna,38,Prouty
407,Rayna,10,Stilwell
408,Christal,10,Thornburg
409,Benita,19,Tannie
410,Fayre,29,Hurley
411,Jany,45,Berne
412,Ashlee,32,Brotherson
413,Phedra,13,Santoro
414,Raquela,21,Tillford
415,Paule,1,Mendez
416,Rosaline,5,Han
417,Yetty,38,Briney
418,Ira,29,Vanni
419,Berta,27,Boycey
420,Katharina,16,Colp
421,Rhoda,20,Delp
422,Clarice,35,Zitvaa
423,Bobbi,1,Kenney
424,Corene,27,Sigfrid
425,Lynde,28,Jefferey
426,Hyacinthe,44,Dawkins
427,Tomasina,30,Hewitt
428,Alyda,25,Lattie
429,Cathie,49,Hachmin
430,Dulcinea,38,Waldron
431,Nikki,26,Bebe
432,Caritta,12,Pernick
433,Vonny,7,Parsaye
434,Ottilie,7,Lutero
435,Libbie,4,Nea
436,Consuela,49,Zeeba
437,Johna,25,Ackerley
438,Queenie,46,Anestassia
439,Frank,37,Wattenberg
440,Trudie,13,Goth
441,Pierette,23,Peg
442,Agnese,41,Elsinore
443,Britni,31,Riordan
444,Beverley,47,Ammann
445,Dede,39,Brenn
446,Lonnie,24,Junie
447,Anthia,41,Sherrie
448,Phylis,5,Ogren
449,Concettina,17,Lareena
450,Elyssa,10,Telfer
451,Cathie,44,Cristi
452,Glynnis,44,Alcott
453,Rosanne,35,Gaulin
454,Phylis,29,Pip
455,Leeanne,32,Anastatius
456,Krystle,16,Hanshaw
457,Dari,38,Aaberg
458,Jessamyn,13,Orpah
459,Feliza,3,Noam
460,Margarette,45,Kinnard
461,Lyssa,2,McClimans
462,Gaylene,34,Sibyls
463,Gerrie,14,Rozanna
464,Marsiella,20,Lalitta
465,Shannah,8,Alva
466,Neila,14,Bouchard
467,Desirae,36,Mallon
468,Winny,34,Gaspard
469,Karlee,47,Wyn
470,Harmonia,18,Alabaster
471,Gerrie,33,Honoria
472,Cecile,11,Yorick
473,Gerrie,49,Edmund
474,Jan,19,Wilkinson
475,Sean,14,Johnsson
476,Donetta,20,Zola
477,Collen,42,Sholley
478,Rani,7,Even
479,Augustine,45,Wenda
480,Jean,42,Suanne
481,Dawn,24,Gower
482,Frances,49,Lay
483,Marcelline,35,Morehouse
484,Caressa,45,Barney
485,Cordi,13,Robertson
486,Robbi,39,Taima
487,Quintina,1,Pernick
488,Kimmy,31,Alice
489,Debee,49,Jess
490,Doralynne,43,Kinnard
491,Yolane,50,Seessel
492,Nicoli,23,Rillings
493,Lenna,3,Yam
494,Maisey,49,Mallon
495,Carmencita,11,Morrill
496,Kamilah,35,Alrich
497,Nollie,12,Clarissa
498,Susette,31,Ingra
499,Kelly,14,Couture
500,Briney,19,Izaak
501,Briney,39,Diann
502,Tina,48,Sprage
503,Codie,47,Margret
504,Mamie,31,Jarib
505,Fanny,28,Carvey
506,Bertine,7,Pulsifer
507,Angela,21,McCutcheon
508,Kayla,5,Bakerman
509,Lorne,35,Saint
510,Shel,43,Orelee
511,Chloris,39,Guthrie
512,Tarra,10,Ricarda
513,Elka,19,Kannry
514,Penelopa,25,Mauer
515,Andeee,14,Kauppi
516,Leanna,44,Sparhawk
517,Donetta,31,Armanda
518,Dede,25,Lenny
519,Joleen,23,Pelagias
520,Fanny,42,Miru
521,Abbie,38,Nahum
522,Minda,48,Wattenberg
523,Raf,4,Herrera
524,Kristan,14,Stevy
525,Valera,15,Durware
526,Jessy,29,Shaddock
527,Ellette,6,Hylan
528,Teriann,17,Willie
529,Cherilyn,16,Morrill
530,Claresta,28,Carvey
531,Meriel,26,Grayce
532,Bobbi,43,Bethany
533,Jackie,39,Sidonius
534,Susan,35,Warthman
535,Deane,32,Kat
536,Annora,34,Teryn
537,Clary,14,Ciro
538,Drucie,23,Bettine
539,Sonni,18,Pettiford
540,Nessie,11,Cassius
541,Arlina,17,Lorenz
542,Tatiania,46,Ralfston
543,Corene,38,Yorick
544,Anica,41,Dorcy
545,Rosanne,41,Harday
546,Trixi,29,Swanhildas
547,Ardenia,20,Hazlett
548,Melanie,30,Jehu
549,Tami,31,Bearnard
550,Glenda,24,Desai
551,Chrystel,6,Rustice
552,Romona,41,Rossner
553,Reeba,42,Beniamino
554,Dorice,11,O'Rourke
555,Lindie,31,Felecia
556,Belinda,17,Vale
557,Norine,19,Obed
558,Orsola,35,Podvin
559,Feliza,32,Bari
560,Lynde,36,Arquit
561,Carmela,39,Louanna
562,Althea,38,Jalbert
563,Mariann,19,Durware
564,Sibella,10,Billye
565,Ardenia,29,Zenas
566,Rosaline,24,Nikaniki
567,Joy,15,Graig
568,Mara,15,Silvan
569,Joeann,42,Drisko
570,Charmaine,48,Ulphia
571,Ofilia,34,Westphal
572,Belinda,19,Thema
573,Lesly,43,Ledah
574,Angela,3,Sinegold
575,Frances,10,Gregrory
576,Mallory,8,Turne
577,Sheelagh,22,Terencio
578,Drucie,40,Florina
579,Jacquetta,9,Karl
580,Lanna,16,Carri
581,Rani,20,Gilbertson
582,Arlina,43,Lacombe
583,Gwyneth,19,Fabiola
584,Dolli,42,Oneida
585,Gisela,45,Franza
586,Gratia,23,Paine
587,Cam,26,Pascia
588,Brana,12,Wesle
589,Cherilyn,24,Briney
590,Dari,47,Erskine
591,Lanna,10,Dielu
592,Kaia,46,Obed
593,Clo,47,Celestine
594,Steffane,8,Jeanne
595,Carmela,38,Dex
596,Ernesta,43,Kazimir
597,Mallory,27,Magdalen
598,Malina,18,Vivle
599,Nyssa,45,Martguerita
600,Nita,9,Christal
601,Morganica,40,Carleen
602,Catrina,41,Ventre
603,Genevra,3,Liva
604,Gretal,12,Suzetta
605,Hettie,50,Behre
606,Maye,33,Nadia
607,Blondelle,3,Anton
608,Shaylyn,40,Belanger
609,Feliza,36,Wilkinson
610,Teddie,5,Ralfston
611,Jacquetta,2,Kaete
612,Jacenta,49,Aaberg
613,Zia,3,Hachmin
614,Fayre,3,Madox
615,Theodora,23,Manolo
616,Claresta,19,Donoghue
617,Riannon,31,Wadell
618,Rayna,35,An
619,Tobe,25,Bord
620,Regina,39,Meli
621,Sherrie,21,Llovera
622,Florie,1,Dawkins
623,Silvana,1,Boycey
624,Nessie,18,Doig
625,Ezmeralda,41,Berriman
626,Adriana,47,Edvard
627,Brooks,48,Carmena
628,Silvana,38,Ammann
629,Nerta,45,Fink
630,Lanna,10,Thunell
631,Cassondra,19,Fadiman
632,Harmonia,41,Pozzy
633,Britte,11,Cadmar
634,Karena,32,Pernick
635,Lorie,39,Obed
636,Sibella,22,Anis
637,Lacie,26,Bartlett
638,Kelly,11,Ilka
639,Lila,13,Teryn
640,Gabriellia,44,Jarib
641,Elka,12,Orelee
642,Kate,46,Roarke
643,Maryellen,44,Deegan
644,Yolane,18,Stuart
645,Pamella,5,Tayib
646,Ingrid,17,Hanshaw
647,Heddie,4,Jerold
648,Gratia,22,Jarib
649,Gerianna,40,Ventre
650,Glynnis,6,Hathaway
651,Brandise,42,Sallyann
652,Ira,20,Sherrie
653,Edith,33,Waldron
654,Goldie,49,Orpah
655,Millie,47,Lytton
656,Veda,29,Elephus
657,Linzy,10,Bashemeth
658,Brena,27,Schwejda
659,Marita,39,Toffic
660,Dode,6,Charity
661,Jemie,21,Fry
662,Ivett,9,Edee
663,Margette,18,Johanna
664,Joelly,32,Bigner
665,Ida,34,Dannye
666,Claresta,40,Grosz
667,Isa,43,Raul
668,Jany,17,Pond
669,Jorry,26,Publia
670,Robbi,37,Vilma
671,Marjie,21,Bryna
672,Allis,36,Atcliffe
673,Brianna,12,Bonucci
674,Sindee,37,Markman
675,Bobbi,29,Erlandson
676,Marsiella,9,Pattin
677,Linzy,43,Georgy
678,Consuela,2,O'Neill
679,Vita,14,Stuart
680,Dione,27,Chauncey
681,Grier,44,Rosalba
682,Jinny,14,Fry
683,Chickie,44,Pernick
684,Letizia,32,Lubin
685,Sabina,27,Gaulin
686,Queenie,45,Campball
687,Sadie,30,Ferino
688,Kenna,21,Durante
689,Justinn,38,Haymes
690,Carmela,50,Latini
691,Tersina,33,Eiser
692,Angelique,34,Winnick
693,Robinia,14,Wattenberg
694,Aurore,48,Suanne
695,Aurore,6,Leler
696,Eve,16,Ardeha
697,Vanessa,19,Sekofski
698,Dennie,37,Sekofski
699,Edyth,40,Penelopa
700,Sadie,41,Iaverne
701,Agnese,28,Dunkin
702,Rori,20,Saint
703,Yolane,3,Frodi
704,Emmey,25,Lucienne
705,Randa,19,Sidonius
706,Sharai,13,Ilka
707,Steffane,10,McAdams
708,Aaren,9,Stelle
709,Clo,18,Ophelia
710,Rosanne,38,Fennessy
711,Emmey,33,Weide
712,Ellette,17,Carri
713,Ardenia,43,Fiester
714,Selia,33,Rurik
715,Lolita,21,Kirbee
716,Gabi,8,Sadowski
717,Mariann,32,Gert
718,Heddie,5,Tremayne
719,Xylina,25,Codding
720,Sheree,36,Blisse
721,Adore,3,Marlie
722,Maud,38,Wenoa
723,Nerta,38,Mott
724,Teriann,42,Rustice
725,Alexine,1,Brieta
726,Fayre,12,Paine
727,Gertrud,35,Henebry
728,Camile,23,Kenney
729,Rayna,3,Skell
730,Adore,43,Milde
731,Nollie,35,Bollay
732,Judy,13,Pandolfi
733,Taffy,39,Eugenia
734,Nariko,10,Waite
735,Maridel,44,Merna
736,Annaliese,32,Septima
737,Micheline,20,Erb
738,Leia,28,Ricarda
739,Rori,50,Philipp
740,Sandie,8,Koehler
741,Hope,22,Buttaro
742,Celestyna,18,Munn
743,Halette,33,Miru
744,Aili,14,McCutcheon
745,Daryl,38,Jacinda
746,Aubrie,9,Longfellow
747,Gretal,31,Raseda
748,Ida,37,My
749,Britni,39,Gale
750,Deirdre,28,Hessler
751,Layla,31,Nance
752,Ingrid,47,Niles
753,Hyacinthe,33,Kevon
754,Raquela,31,Freddi
755,Danny,24,Agle
756,June,1,Friede
757,Aigneis,39,Agle
758,Mary,48,Allys
759,Fernande,30,Hunfredo
760,Patricia,23,Gaal
761,Marinna,49,Vary
762,Violet,30,Arne
763,Trixi,3,Gahl
764,Emelina,32,Corabella
765,Kalina,32,Philoo
766,Pamella,28,Allina
767,Sharai,41,Deny
768,Nessie,30,Keily
769,Dominga,12,Pitt
770,Aurelie,38,Craggie
771,Zondra,12,Wooster
772,Barbi,48,Lumbard
773,Merci,25,Vacuva
774,Phylis,35,Linskey
775,Jemie,27,Cimbura
776,Steffane,25,Hewitt
777,Carmencita,23,Faso
778,Kristina,44,Phaidra
779,Ivett,25,Roscoe
780,Cyb,10,Isidore
781,Maisey,35,Shuler
782,Wanda,24,Stevy
783,Chickie,21,Thilda
784,Frieda,5,Tufts
785,Phedra,14,O'Neill
786,Courtnay,32,Lumbard
787,Mureil,34,Sekofski
788,Adele,45,Destinee
789,Lorenza,28,Alexandr
790,Clary,28,Wallis
791,Misha,30,Corabella
792,Carlie,12,Bach
793,Mallory,43,Pascia
794,Babita,34,Dermott
795,Shannah,3,Ammann
796,Nelle,49,Fulmer
797,Anestassia,19,Rodmann
798,Daphne,6,Lissi
799,Joleen,1,Baylor
800,Sandie,10,Wandie
801,Ayn,8,Gregrory
802,Flo,30,Urias
803,Britni,18,Ciapas
804,Rubie,9,Burnside
805,Marjie,18,Karylin
806,Lily,7,Alice
807,Sarette,4,Dituri
808,Aryn,13,Berriman
809,Gratia,29,Howlyn
810,Molli,45,Merriott
811,Augustine,12,Anyah
812,Sadie,39,Crudden
813,Heida,17,Rogerio
814,Laurene,24,Karylin
815,Kenna,16,Gabrielli
816,Lulita,46,Terrence
817,Annice,34,Hoenack
818,Cassondra,21,Agle
819,Ada,44,Felizio
820,Kial,41,Adore
821,Barbara,9,Brackely
822,Sandie,36,Zeeba
823,Kristina,21,Ardra
824,Veda,1,Saree
825,Maryellen,31,Edvard
826,Anestassia,25,Ambrosia
827,Ulrike,23,Karl
828,Elena,28,Rillings
829,Selma,5,Mitzi
830,Adelle,33,Aurelio
831,Alie,37,Tristram
832,Blinni,25,Hepsibah
833,Winifred,49,Halsey
834,Laure,12,O'Neill
835,Mary,49,Bury
836,Gerianna,27,Blake
837,Lexine,32,Manolo
838,Kirbee,19,Lalitta
839,Marjie,27,Stanwood
840,Malina,21,Swigart
841,Janey,34,Kronfeld
842,Harmonia,28,Seligman
843,Audrie,2,Japeth
844,Sophia,33,Weinreb
845,Patricia,1,Nance
846,Ann-Marie,32,Corrine
847,Calla,1,Paton
848,Zaria,32,Oster
849,Ethel,7,Tristram
850,Kalina,1,Viddah
851,Annecorinne,35,Laverne
852,Sam,50,Israeli
853,Tomasina,39,Chobot
854,Hyacinthe,29,Zenas
855,Charlena,38,Auberbach
856,Tamqrah,48,Stanwood
857,Lusa,20,Viddah
858,Tatiania,21,Reneta
859,Elsie,22,Camden
860,Babita,26,Ricarda
861,Wanda,30,Abram
862,Josephine,4,Erlandson
863,Hildegaard,38,Wilkinson
864,Eugine,31,Burnside
865,Mureil,31,Bevin
866,Ardys,36,Avi
867,Mamie,8,Phaidra
868,Roberta,4,Grimbly
869,Etta,40,Garbe
870,Leeanne,36,Mich
871,Almeta,42,Genna
872,Cherrita,50,Lay
873,Jinny,44,McAdams
874,Bertine,35,Dudley
875,Kittie,48,Magdalen
876,Netty,43,Sawtelle
877,Rivalee,14,Weide
878,Gabriellia,25,Hurley
879,Jaime,18,Fennessy
880,Binny,20,Boycey
881,Letizia,44,Pernick
882,Phedra,34,Carri
883,Jeanna,26,Vanni
884,Sandie,44,Kimmie
885,Ardenia,2,Toffic
886,Mildrid,38,Junie
887,Joelly,30,Noam
888,Corly,34,Poppy
889,Jacquetta,38,Codding
890,Kirstin,48,Whittaker
891,Shel,20,Dunkin
892,Sybille,46,Baylor
893,Jinny,7,Waite
894,Molli,7,Velick
895,Amii,28,Socha
896,Robbi,14,Astra
897,Sallie,43,Brackely
898,Jobi,33,Xerxes
899,Concettina,5,Hathaway
900,Jeanna,31,Ardeha
901,Dianemarie,47,Jobi
902,Ingrid,13,Grayce
903,Orelia,8,Gordon
904,Dulcinea,18,Audly
905,Konstance,14,Rooney
906,Hannis,38,Aaberg
907,Claresta,16,Brotherson
908,Joane,35,Cottle
909,Reeba,36,Cornelia
910,Elena,11,Marisa
911,Penelopa,41,Gwenore
912,Sidoney,49,Mike
913,Genevra,40,Fillbert
914,Damaris,44,Haymes
915,Trixi,47,Publia
916,Tierney,38,Croix
917,Brena,14,Afton
918,Dorothy,23,Germann
919,Blinni,31,Abbot
920,Corry,39,Louanna
921,Tani,37,LaRue
922,Misha,33,Serilda
923,Sandie,42,Selway
924,Mathilda,42,Huggins
925,Rayna,4,Paton
926,Cathyleen,43,Halsey
927,Sharlene,49,Neva
928,Stacey,14,Klemperer
929,Ezmeralda,10,Darbie
930,Daphne,21,Kaete
931,Maye,21,Deegan
932,Elbertina,29,Drisko
933,Caryl,6,Wilkinson
934,Selia,25,Munn
935,Hettie,33,Oscar
936,Sara-Ann,16,Goth
937,Laurene,7,Donoghue
938,Etta,38,Obed
939,Jaime,35,Pandolfi
940,Christy,33,Brodench
941,Cordi,41,Seumas
942,Bobinette,8,Dorcy
943,Konstance,13,Stevy
944,Fernande,33,Dorine
945,Maisey,50,Kermit
946,Cathie,20,Wind
947,Lusa,33,Allare
948,Lusa,32,Anis
949,Leeanne,15,Wilona
950,Barbi,46,Gaal
951,Misha,7,Connelly
952,Minne,40,Gaulin
953,Karlee,43,Hamil
954,Madeleine,4,Tufts
955,Sandie,30,Madaih
956,Andeee,41,Pettiford
957,Tersina,40,Euridice
958,Agnese,27,Dosia
959,Chastity,37,Kare
960,Raf,27,Rurik
961,Raquela,49,Shelba
962,Jaime,12,Neils
963,Maud,47,Ardeha
964,Sabina,27,Susannah
965,Cherrita,1,Yate
966,Jobi,18,Fosque
967,Tarra,48,Hachmin
968,Gianina,2,Tryck
969,Lynnea,38,Merell
970,Selia,48,Gavrila
971,Gilligan,44,Faria
972,Olivette,48,Colp
973,Kathi,32,Janene
974,Andree,50,Gavrila
975,Brynna,40,Marcellus
976,Ashlee,31,Graig
977,Caressa,13,Lalitta
978,Selia,24,Loeb
979,Karolina,14,Sholley
980,Wynne,29,Himelman
981,Arlina,42,Irmine
982,Dacia,12,Kesley
983,Tina,41,Nore
984,Viki,6,Naashom
985,Ilse,10,Kalinda
986,Isa,8,Drus
987,Kellen,17,Lemuela
988,Tobe,8,Diann
989,Melisent,22,Koziara
990,Marjie,47,Maribeth
991,Carlie,23,Maples
992,Madeleine,12,Firmin
993,Elora,6,Alisia
994,Jorry,42,Mike
995,Moyna,13,Kalinda
996,Mignon,22,Uund
997,Ellette,8,Horan
998,Margette,31,Edee
999,Danny,16,Tufts
1000,Elka,1,Gert
1001,Kristina,24,Yuille
1002,Ira,17,Gahl
1003,Lynde,29,Goddard
1004,Mara,46,Lamoree
1005,Jaime,34,Carbo
1006,Rosene,35,Leary
1007,Celisse,42,Nisbet
1008,Ardeen,1,Sallyann
1009,Dawn,46,Frendel
1010,Fawne,2,Roxanna
1011,Lorenza,30,Ophelia
1012,Gavrielle,7,Bobbee
1013,Allyce,45,Maiah
1014,Vanessa,43,Justinn
1015,Pamella,42,Toffic
1016,Lila,35,Franza
1017,Vonny,36,Bobbee
1018,Pierette,7,Harday
1019,Ricky,20,Trace
1020,Ronna,5,Phyllis
1021,Brynna,43,Llovera
1022,Ruthe,10,Mitzi
1023,Frances,10,Deny
1024,Cam,14,Karylin
1025,Kelly,10,Japeth
1026,Elora,12,Koziara
1027,Corina,40,Tiffa
1028,Emelina,47,Montgomery
1029,Ernesta,48,Grayce
1030,Beverley,33,Rossner
1031,Linet,49,Mayeda
1032,Jenda,31,Saunderson
1033,Larine,34,Reidar
1034,Latisha,26,Keily
1035,Belinda,22,Krystle
1036,Shauna,45,Nisbet
1037,Camile,23,Curren
1038,Ada,25,Lauraine
1039,Alie,28,Oster
1040,Gabriellia,23,Wind
1041,Trixi,47,Vivle
1042,Zaria,44,Louanna
1043,Felice,46,Jammal
1044,Clementine,50,Hilbert
1045,Bernie,45,Jeanne
1046,Krystle,21,Therine
1047,Laurene,44,Harriman
1048,Farrah,39,Gladstone
1049,Bernie,40,Longfellow
1050,Mathilda,35,Rosalba
1051,Margette,36,Mich
1052,Leia,5,Harday
1053,Donetta,49,Westphal
1054,Jillayne,38,Alisia
1055,Alleen,1,Dulciana
1056,Albertina,20,Rheingold
1057,Nickie,43,Cordi
1058,Hermione,46,Alwin
1059,Elbertina,29,Stoller
1060,Alleen,41,Cherianne
1061,Merle,7,Tamsky
1062,Bill,13,Allina
1063,Calla,29,Tippets
1064,Sidoney,45,Shelba
1065,Johna,39,Barbey
1066,Marguerite,24,Cassius
1067,Jan,40,Fry
1068,Sidoney,29,Myrilla
1069,Edyth,17,Braun
1070,Claresta,19,Janith
1071,Flo,4,Aaberg
1072,Augustine,23,Fabiola
1073,Gilligan,10,Rosemary
1074,Wanda,33,My
1075,Brianna,3,Alfons
1076,Justinn,19,Annice
1077,Albertina,19,Bashemeth
1078,Joy,13,Emanuel
1079,Ivett,28,Koehler
1080,Tybie,18,Soneson
1081,Shell,22,Newell
1082,Randa,43,Hunfredo
1083,Sadie,8,Ursulette
1084,Elvira,33,Tippets
1085,Lily,43,Reneta
1086,Marcy,1,Bultman
1087,Phylis,34,Yam
1088,Hope,10,Dielu
1089,Tilly,41,Hertzfeld
1090,Maisey,35,Revkah
1091,Hannis,9,Martguerita
1092,Jillayne,47,Gunn
1093,Kenna,3,Hutchison
1094,Kittie,3,Clara
1095,Shaylyn,23,Leffen
1096,Maud,8,Letsou
1097,Ottilie,4,Rebecka
1098,Sashenka,17,Roxanna
1099,Luci,1,Anastatius
1100,Pollyanna,24,Gordon
1101,Myriam,39,Raama
1102,Demetris,4,Telfer
1103,Merrie,25,Reneta
1104,Aurore,12,Klemperer
1105,Gloria,14,Ranjiv
1106,Ericka,29,Dearborn
1107,Mara,17,Tacye
1108,Kathy,47,Barbey
1109,Bobinette,37,Bohlin
1110,Alyssa,36,Eben
1111,Helena,9,Simmonds
1112,Sheree,32,Barbey
1113,Mara,34,Sheng
1114,Emilia,13,Etom
1115,Petronia,41,Chapland
1116,Alisha,2,Kesley
1117,Kerrin,34,McNully
1118,Melodie,17,Parsaye
1119,Amii,44,Lucienne
1120,Theodora,7,Holbrook
1121,Augustine,5,Publia
1122,Fina,44,Thad
1123,Linet,47,Ciapas
1124,Shandie,31,Gabrielli
1125,Evaleen,2,Grosz
1126,Perry,29,Vale
1127,Sara-Ann,18,Idelia
1128,Lesly,32,Saunderson
1129,Jennica,18,Brackely
1130,Caritta,41,Carey
1131,Evaleen,18,Fry
1132,Jinny,16,Therine
1133,Peri,30,Arley
1134,Josephine,24,Gilmour
1135,Hannis,43,Socha
1136,Lyssa,38,Francyne
1137,Gretal,15,Lemuela
1138,Frances,28,Leler
1139,Linet,10,Romelda
1140,Allis,3,Drus
1141,Alyda,11,Prober
1142,Rebeca,20,Anderea
1143,Kristina,34,Klotz
1144,Chrystel,20,Ietta
1145,Donnie,47,Mintz
1146,Shel,50,Maiah
1147,Stephanie,8,Curren
1148,Ermengarde,45,Jarib
1149,Sheelagh,38,Dearborn
1150,Helena,44,Amand
1151,Kial,28,Screens
1152,Claresta,18,McGrody
1153,Yvonne,34,Modie
1154,Ardeen,2,Francene
1155,Henriette,28,Zaslow
1156,Anica,20,Rustice
1157,Perry,31,Graig
1158,Leia,3,Raul
1159,Deloria,26,Morehouse
1160,Mathilda,43,Swigart
1161,Tamqrah,35,Hieronymus
1162,Ninnetta,2,Junie
1163,Tracey,1,Klotz
1164,Tarra,17,Maryanne
1165,Sallie,22,Gibbeon
1166,Elfreda,27,Alisia
1167,Isa,22,Medrek
1168,Chrystel,49,Leopold
1169,Ellette,6,Eugenia
1170,Winifred,3,Tryck
1171,Chickie,27,Carlson
1172,Felice,6,Leonard
1173,Ana,7,Talia
1174,Tierney,38,Rosalba
1175,Rozele,30,Weitman
1176,Cindelyn,8,Hillel
1177,Tierney,35,Stelle
1178,Nerta,30,Amethist
1179,Jaclyn,17,Eachern
1180,Kristina,15,Marden
1181,Genovera,40,Devlen
1182,Yvonne,24,Kosey
1183,Di,31,Flyn
1184,Meg,28,Duwalt
1185,Marylou,49,Halsey
1186,Kirbee,48,Estella
1187,Rosaline,12,Lowry
1188,Carol-Jean,17,Paton
1189,Esmeralda,38,Earlie
1190,Kaia,15,Pierette
1191,Teddie,7,Eliathas
1192,Maryellen,10,Smitt
1193,Carolina,11,Sherrie
1194,Nickie,31,Eben
1195,Shell,5,Alexandr
1196,Talya,4,Mehalek
1197,Florencia,12,Ferino
1198,Almeta,7,Gordon
1199,Tarra,47,Lilas
1200,Bettine,40,Nikaniki
1201,Lauryn,18,Kiyoshi
1202,Marylou,31,Kalinda
1203,Audrie,14,Burnside
1204,Ginnie,26,Killigrew
1205,Darci,13,Leonard
1206,Valeda,8,Odysseus
1207,Belinda,44,Telfer
1208,Yetty,6,Sadowski
1209,Blake,42,Soneson
1210,Aimil,14,Old
1211,Corly,3,Chesna
1212,Dede,22,Bashemeth
1213,Aimil,2,Tengdin
1214,Helsa,4,Corrine
1215,Roz,22,Parsaye
1216,Clary,40,Isacco
1217,Ilse,9,Kenwood
1218,Elka,12,Howlyn
1219,Helena,24,Lattie
1220,Cissiee,40,Arne
1221,Priscilla,46,Old
1222,Caressa,41,Old
1223,Jordan,7,Newell
1224,Cherrita,50,Byrne
1225,Maud,46,Pierette
1226,Nataline,12,Justinn
1227,Kary,30,Greyson
1228,Camile,3,Lutero
1229,Viviene,3,Firmin
1230,Tami,15,Noman
1231,Fanchon,6,Masao
1232,Mary,44,Skurnik
1233,Siana,48,Odysseus
1234,Rivalee,2,Yoko
1235,Adele,40,Kronfeld
1236,Helsa,41,Rosemary
1237,Elise,30,Corabella
1238,Minne,25,Hoban
1239,Maridel,44,Docilla
1240,Edyth,49,Loeb
1241,Phedra,25,Adore
1242,Rhoda,42,Love
1243,Sarette,21,Brodench
1244,Olivette,4,Ephrem
1245,Blake,12,Pierette
1246,Deedee,16,Sidonius
1247,Jany,46,Yoko
1248,Vevay,34,Holtz
1249,Karly,8,Hoban
1250,Gretal,15,Pascia
1251,Carmela,35,Cassius
1252,Blondelle,12,Lauraine
1253,Dione,20,Pernick
1254,Bobinette,48,Harned
1255,Dulce,20,Moseley
1256,Alameda,15,Sherfield
1257,Trudie,6,Haldas
1258,Tierney,1,Jacqui
1259,Aurore,46,Tacye
1260,Alexine,16,Milde
1261,Carly,47,Milde
1262,Anica,30,Arne
1263,Nollie,39,Blake
1264,Janeczka,3,Mendez
1265,Marjie,9,Sigfrid
1266,Fayre,44,Corilla
1267,Britte,11,Lamoree
1268,Gabi,12,Chaing
1269,Lusa,14,Sophronia
1270,Jolyn,18,Ventre
1271,Annora,37,Morrill
1272,Christy,20,Leonard
1273,Mariele,2,Anton
1274,Chere,26,Hollingsworth
1275,Ida,25,Leifeste
1276,Dorice,47,Whiffen
1277,Micheline,47,Maisey
1278,Berta,9,Anestassia
1279,Leontine,3,Toffic
1280,Judy,19,Ummersen
1281,Louella,38,Corilla
1282,Georgina,27,Stover
1283,Jorry,12,Gombach
1284,Luci,12,Goldina
1285,Fawne,17,Stevy
1286,Annora,16,Elo
1287,Jinny,5,Liva
1288,Melodie,2,Westphal
1289,Marti,15,Donell
1290,Shaylyn,8,Waite
1291,Jsandye,11,Blase
1292,Julieta,24,Seagraves
1293,Ermengarde,21,Nunci
1294,Orelia,31,Iiette
1295,Andree,16,Cadmar
1296,Elvira,48,Stover
1297,Dorthy,12,Gladstone
1298,Imojean,41,Willie
1299,Sarette,45,Odysseus
345,dsf,45,dsf
32,sdf,23,gf
